num_prior_defaults,identity_verification_passed,device_fingerprint_match,application_velocity_24h,income_to_loan_ratio,account_age_days,employment_type,repayment_method,geo_risk_score,previous_loan_count,application_hour,mobile_os,marketing_campaign_id,fraud_label
0,0,1,0,1.633,24,2,2,0.716,0,21,1,3,1
4,0,0,20,0.215,33,3,3,0.721,0,14,2,6,1
0,1,1,0,1.801,50,1,2,0.396,1,0,1,2,0
3,0,1,3,1.358,25,3,1,0.464,0,20,1,1,1
1,0,1,1,1.22,36,3,1,0.583,0,18,2,5,1
0,1,0,0,2.165,81,1,3,0.278,3,9,2,2,0
2,1,0,1,0.784,11,3,2,0.316,0,19,1,4,1
0,1,1,3,2.086,134,2,2,0.359,2,11,1,6,0
0,1,1,0,2.389,120,1,2,0.115,1,4,1,4,0
4,0,0,3,0.066,21,2,1,0.269,1,10,1,5,1
0,1,1,2,1.299,11,3,2,0.251,2,0,1,6,1
0,0,0,2,1.384,66,2,1,0.75,2,11,1,1,1
1,0,0,4,1.919,120,1,1,0.428,2,2,1,1,1
1,0,1,0,1.651,46,3,2,0.394,1,13,1,2,1
0,1,1,2,1.798,182,1,3,0.674,6,2,2,6,0
0,1,1,2,1.466,22,2,2,0.63,0,10,1,1,0
0,1,0,0,2.304,22,2,1,0.368,1,21,1,6,0
1,0,0,2,0.689,54,2,1,0.504,0,12,1,4,1
1,0,0,5,0.969,14,3,1,0.525,0,18,1,3,1
4,0,0,11,0.055,11,3,3,0.599,0,7,1,3,1
0,0,0,1,1.066,12,1,2,0.816,1,19,1,4,1
1,1,1,1,2.0,27,1,2,0.681,2,2,1,3,0
0,1,0,2,1.036,7,2,1,0.795,0,1,1,4,1
2,1,1,2,1.477,25,3,2,0.416,0,23,1,2,1
2,0,0,3,0.615,10,3,1,0.91,0,4,1,2,1
2,1,0,5,1.424,22,1,1,0.55,0,2,2,5,1
1,0,1,3,0.86,63,2,3,0.903,0,10,1,3,1
1,0,1,2,2.01,84,1,2,0.745,3,23,2,2,1
0,0,1,7,0.647,29,3,3,0.693,0,12,2,4,1
0,1,0,2,1.705,53,1,1,0.437,1,3,1,5,0
2,1,0,2,0.772,17,3,1,0.755,0,7,2,4,1
1,0,1,1,1.541,83,1,2,0.31,3,12,2,3,1
1,1,0,0,1.19,25,2,2,0.638,0,10,1,5,0
1,1,1,1,2.221,58,1,2,0.221,1,16,1,3,0
1,1,1,2,1.988,55,2,2,0.604,1,8,1,6,0
0,1,1,0,2.131,119,1,2,0.353,1,14,1,3,0
0,1,1,3,1.934,82,2,1,0.223,2,19,2,3,0
2,0,0,6,0.564,52,3,3,0.629,0,1,1,4,1
1,1,1,3,1.544,33,1,1,0.319,0,4,1,5,0
2,1,0,2,0.792,18,3,1,0.621,0,11,1,6,1
0,0,1,4,1.869,141,1,3,0.403,1,13,2,3,0
0,1,1,1,1.788,47,1,2,0.023,0,1,1,4,0
8,0,0,20,0.067,50,3,3,0.546,1,4,1,4,1
0,1,1,0,2.38,111,1,1,0.524,3,2,1,4,0
0,0,1,3,1.214,23,1,1,0.373,1,6,2,6,1
2,1,0,0,1.807,42,2,2,0.503,1,22,2,5,0
4,1,0,11,0.485,40,2,3,0.573,0,10,1,1,0
1,1,1,0,2.304,273,1,1,0.406,2,16,2,5,0
0,1,1,1,2.3,100,2,3,0.389,1,15,1,3,0
1,0,0,0,1.707,19,1,2,0.53,0,9,1,6,1
0,1,1,1,1.257,29,1,1,0.364,2,16,1,3,0
1,1,1,2,0.845,42,2,1,0.232,0,9,1,2,0
1,1,0,0,1.323,36,1,2,0.45,1,7,2,3,0
2,1,0,6,1.449,82,1,2,0.576,1,11,1,1,1
1,1,0,3,0.839,31,2,3,0.74,2,8,2,6,0
1,1,1,5,1.558,88,1,1,0.369,0,22,1,4,0
1,1,1,0,2.403,52,1,1,0.494,2,9,2,5,0
5,0,0,11,0.415,10,3,1,0.681,0,13,1,5,0
1,0,1,2,1.237,39,3,2,0.708,0,7,2,6,1
1,0,0,17,0.392,17,3,1,0.76,0,0,1,3,1
1,1,1,1,1.497,17,2,1,0.569,1,1,2,4,0
0,0,0,1,1.437,73,2,2,0.298,1,14,2,3,0
8,0,0,17,0.052,11,3,3,0.457,0,1,1,2,1
1,0,1,1,1.212,58,3,2,0.577,1,19,1,2,1
2,0,1,3,0.749,15,3,1,0.773,0,7,2,2,1
1,0,1,1,1.895,85,1,1,0.57,1,8,2,5,1
0,0,1,2,1.674,57,2,2,0.515,1,19,1,3,0
6,0,0,18,0.05,7,3,3,0.651,0,16,1,6,1
1,1,0,6,0.271,18,3,2,0.426,0,10,1,6,1
5,0,0,3,0.237,15,2,1,0.518,0,11,1,3,1
2,0,1,4,1.95,216,3,1,0.756,2,18,2,1,0
2,1,0,6,0.948,64,2,1,0.668,1,21,1,3,1
1,1,1,0,1.888,47,2,2,0.673,0,0,1,3,0
1,1,1,4,1.267,75,2,3,0.738,0,1,1,3,0
1,1,1,0,1.316,29,2,2,0.522,0,13,1,2,0
0,1,1,0,2.076,118,1,1,0.174,2,16,1,2,1
2,0,0,1,0.81,60,2,1,0.315,0,12,1,5,1
4,1,0,2,0.833,7,3,2,0.277,0,3,1,6,1
1,0,1,1,1.772,35,2,1,0.818,1,19,1,2,1
0,1,1,3,1.902,28,1,2,0.515,2,17,1,6,0
1,1,1,0,2.22,127,1,2,0.156,0,17,2,5,0
4,0,0,2,1.251,12,3,3,0.566,0,7,2,1,1
3,1,0,4,0.525,9,3,1,0.295,0,20,1,1,0
1,0,1,2,0.99,38,1,1,0.248,2,10,1,6,1
1,1,1,0,1.502,23,1,1,0.465,1,18,1,2,0
1,0,0,6,0.839,10,3,3,0.549,0,8,1,4,1
2,0,0,2,0.973,46,3,3,0.507,0,12,1,3,1
3,0,1,0,0.947,11,3,2,0.722,1,12,1,4,1
3,0,0,20,0.321,10,3,1,0.678,0,10,1,4,1
4,1,1,4,0.739,24,3,3,0.524,0,12,2,4,1
0,1,0,0,1.162,28,2,2,0.082,0,3,1,5,0
0,1,0,0,0.935,14,2,2,0.435,0,13,1,3,0
3,0,0,4,0.463,25,3,1,0.721,0,10,2,2,1
8,0,0,15,0.249,5,3,1,0.659,0,13,1,5,1
1,0,0,3,0.363,7,3,1,0.735,0,22,1,3,1
1,0,1,1,0.893,27,3,2,0.137,0,23,1,5,1
3,0,0,4,0.239,14,3,1,0.762,0,20,1,2,1
3,0,1,4,1.241,30,2,1,0.704,0,8,2,1,1
2,0,0,8,0.591,25,3,1,0.837,1,13,1,1,1
0,1,0,0,1.718,65,2,2,0.458,1,21,2,3,0
0,1,1,0,2.477,40,1,2,0.663,0,13,2,6,0
2,1,0,2,1.682,40,2,1,0.382,1,17,1,4,0
0,1,0,2,1.115,37,2,2,0.088,2,3,2,2,0
0,1,0,2,1.014,16,3,2,0.725,0,5,1,6,0
3,0,0,3,0.731,27,3,1,0.759,0,11,1,5,1
2,1,1,4,1.352,18,2,2,0.431,0,9,2,1,1
1,1,1,0,1.155,25,2,2,0.178,0,6,1,2,0
2,0,0,1,1.883,112,1,2,0.415,3,17,1,6,1
1,1,0,3,1.061,22,3,3,0.325,0,6,1,3,0
1,0,0,1,1.617,23,2,1,0.273,0,18,1,3,1
2,0,0,4,1.347,31,1,1,0.808,0,10,2,1,1
0,0,0,0,1.238,26,3,1,0.56,0,19,1,6,0
2,0,0,20,0.22,18,3,3,0.555,0,16,2,4,1
0,1,0,0,2.099,125,1,2,0.59,3,22,1,3,0
2,1,1,1,1.897,14,1,2,0.417,1,21,2,2,1
0,0,1,0,1.578,101,2,2,0.196,1,23,1,4,0
0,1,1,0,2.13,18,1,2,0.697,0,3,1,2,0
0,1,1,2,0.808,10,3,2,0.245,0,17,1,4,0
4,0,0,3,0.386,24,1,3,0.045,0,23,1,6,1
3,1,1,4,0.506,23,3,2,0.412,0,23,1,4,1
0,1,1,0,2.572,75,1,2,0.316,2,21,2,6,0
0,0,1,0,2.25,74,1,2,0.683,0,4,1,1,0
2,0,0,6,0.726,19,3,3,0.826,0,5,1,3,1
2,0,0,3,0.285,14,3,2,0.383,0,1,1,5,1
1,0,1,7,1.207,7,2,2,0.439,0,0,1,6,1
2,1,0,1,1.224,21,2,3,0.291,0,1,2,5,0
1,1,1,1,0.833,84,1,2,0.451,0,3,1,4,1
4,0,0,2,0.388,17,3,1,0.629,1,23,2,2,1
1,1,1,1,0.954,14,3,1,0.124,0,10,1,4,0
0,1,1,3,0.817,25,3,3,0.44,1,10,2,5,1
8,0,0,17,0.074,14,3,3,0.539,1,7,1,6,1
4,0,0,5,1.155,77,1,1,0.798,0,14,1,1,1
1,1,0,2,0.604,18,3,2,0.296,1,17,2,6,1
2,1,0,3,0.711,28,2,3,0.804,0,9,1,4,1
3,1,1,1,1.065,32,2,1,0.349,1,2,1,5,1
2,0,0,0,1.998,88,1,1,0.304,1,11,1,6,1
2,0,0,9,0.082,27,3,3,0.378,0,2,1,4,1
1,1,1,0,1.414,20,2,1,0.401,0,3,1,5,0
1,1,1,2,1.208,19,3,2,0.398,0,20,1,2,0
1,0,1,1,0.972,41,2,3,0.585,0,13,2,5,1
3,1,0,5,1.15,11,3,1,0.296,1,22,1,1,1
1,0,0,1,1.228,52,1,2,0.663,1,15,1,5,1
5,0,0,20,0.336,13,2,3,0.755,0,13,1,6,1
1,0,1,3,2.157,203,1,1,0.932,4,13,1,2,1
2,0,0,3,0.825,52,1,2,0.484,1,9,2,1,1
0,0,1,9,0.603,4,2,2,0.682,1,8,2,1,1
0,0,1,2,0.372,25,3,1,0.518,1,10,1,2,0
0,1,1,0,2.185,70,1,2,0.565,1,5,1,2,0
2,0,0,1,1.806,24,2,2,0.404,0,6,1,1,1
0,0,1,0,1.625,24,3,3,0.402,0,10,2,2,0
0,0,0,2,1.554,92,1,1,0.176,0,13,1,3,0
3,1,1,4,0.511,15,3,1,0.335,0,4,2,3,1
0,1,1,1,1.84,71,1,2,0.365,2,23,2,1,0
4,0,0,2,1.33,26,3,3,0.535,2,5,2,3,1
0,1,1,3,0.657,8,3,2,0.607,0,23,1,4,0
0,1,1,0,1.516,19,1,1,0.209,0,21,1,1,0
2,0,0,3,1.192,28,1,3,0.794,1,8,2,3,1
3,0,0,0,1.71,77,2,1,0.202,1,4,1,1,1
2,1,0,0,1.267,51,1,1,0.373,2,21,2,1,0
2,0,1,2,0.976,53,2,1,0.679,2,11,1,4,1
1,1,0,0,0.887,53,3,2,0.463,2,21,1,5,0
1,1,1,0,1.504,26,2,1,0.21,1,3,1,6,0
1,1,1,0,1.139,21,2,2,0.116,4,21,1,5,0
0,1,1,1,2.671,79,1,2,0.288,1,16,1,6,0
3,1,0,2,1.133,14,3,1,0.471,0,18,2,5,0
2,0,0,2,0.736,92,2,1,0.326,0,21,1,5,1
1,0,1,0,1.838,45,1,1,0.264,1,13,1,3,1
0,1,1,0,2.242,102,1,2,0.362,2,6,1,2,0
0,1,1,2,1.72,19,1,3,0.473,0,9,1,3,0
3,0,0,8,1.295,27,2,3,0.663,0,8,1,6,1
1,1,1,8,0.697,17,3,2,0.539,0,22,2,1,0
0,0,0,2,2.003,60,2,1,0.294,1,11,2,5,0
0,1,1,0,2.314,83,1,1,0.235,1,8,2,4,0
1,0,1,2,0.721,27,2,3,0.349,0,19,2,1,1
1,1,0,2,1.242,23,2,1,0.787,1,9,2,5,0
0,1,1,0,1.407,16,2,2,0.436,1,14,1,3,0
4,0,0,19,0.05,47,3,3,0.915,0,2,2,6,1
1,1,1,2,0.768,9,3,2,0.556,0,2,1,4,1
0,1,1,1,1.393,19,2,1,0.816,0,19,1,2,0
1,0,1,3,1.033,90,1,3,0.626,1,16,2,6,1
3,1,1,2,1.42,30,2,1,0.231,0,21,1,5,1
2,1,1,7,0.392,29,3,1,0.869,1,19,2,1,1
1,0,1,0,0.468,44,3,2,0.382,0,12,1,2,1
0,0,1,1,2.406,232,1,1,0.685,1,12,1,2,0
3,1,0,9,0.518,9,3,1,0.479,0,22,2,1,1
0,1,1,0,1.131,13,2,1,0.576,0,9,2,4,0
4,0,0,6,0.931,22,2,1,0.478,0,17,2,1,1
2,1,0,0,1.386,51,2,1,0.176,0,18,1,6,0
2,1,1,4,1.634,35,2,2,0.697,0,21,1,3,1
5,0,0,3,0.462,6,3,1,0.338,0,17,1,6,1
2,0,1,3,1.608,32,3,1,0.677,0,8,1,6,0
1,1,1,1,2.02,67,1,2,0.261,1,18,2,4,0
2,1,1,0,1.307,11,3,1,0.14,0,10,2,5,1
2,1,1,0,1.218,30,2,2,0.164,0,0,1,2,1
0,0,1,0,2.228,45,1,3,0.576,0,8,2,2,0
1,1,1,0,1.373,36,1,2,0.072,0,2,2,5,0
1,1,0,5,0.104,15,2,1,0.226,0,6,2,3,1
1,1,1,0,1.626,43,2,3,0.105,0,15,1,5,0
1,0,0,1,1.21,130,1,1,0.529,2,21,1,2,1
0,0,1,1,0.973,16,3,2,0.676,0,2,2,5,0
3,0,0,1,0.594,21,2,2,0.29,0,7,1,5,1
0,0,1,2,1.417,57,2,3,0.518,0,3,2,3,0
2,0,1,9,0.807,39,3,1,0.799,0,3,2,4,1
2,0,0,8,1.343,64,1,1,0.624,1,3,2,1,1
0,0,1,6,1.133,21,1,2,0.444,0,21,2,2,1
1,0,0,6,0.623,37,2,3,0.857,1,12,2,4,1
1,0,1,3,0.488,31,3,1,0.696,0,0,1,3,1
0,1,1,0,3.395,51,1,2,0.284,1,4,1,3,0
0,1,1,0,3.107,57,1,1,0.49,3,4,1,4,0
1,0,0,2,1.004,19,3,2,0.13,0,2,1,6,1
1,1,1,2,1.826,13,2,1,0.291,0,2,2,4,0
2,1,1,0,0.883,11,2,1,0.491,1,13,1,5,1
0,0,0,1,0.363,5,3,2,0.597,0,0,1,2,0
3,1,1,1,0.965,12,3,2,0.163,0,18,1,2,0
1,1,1,1,2.244,86,1,2,0.818,0,5,1,2,1
0,1,0,2,1.546,18,2,1,0.284,1,14,1,5,0
4,0,0,0,1.413,24,2,1,0.781,0,14,2,2,1
2,1,0,0,0.849,20,2,2,0.437,1,0,1,2,0
5,0,0,15,0.751,18,3,1,0.84,1,5,1,1,1
0,1,1,0,1.49,18,2,2,0.278,0,20,1,5,0
0,0,0,1,1.478,29,3,2,0.551,0,5,1,2,0
5,0,0,4,1.591,55,1,1,0.49,1,0,1,6,1
2,0,1,3,0.05,10,3,2,0.566,0,22,2,2,1
1,0,0,1,1.476,22,2,2,0.687,1,10,2,1,1
0,1,1,0,1.274,19,3,1,0.619,0,5,1,3,0
3,1,1,1,0.868,5,3,1,0.213,0,23,2,5,1
1,1,1,0,2.537,44,2,1,0.621,2,18,1,2,0
2,0,1,1,2.195,60,1,2,0.156,1,5,1,4,1
1,0,0,3,0.757,11,3,3,0.198,0,19,2,6,1
0,0,0,2,0.873,13,3,2,0.609,0,2,1,3,0
0,0,1,1,2.226,65,1,2,0.642,2,15,1,5,0
1,0,1,3,1.15,21,3,3,0.207,1,9,1,4,1
0,1,1,1,1.815,33,1,2,0.055,0,17,1,1,0
2,0,0,9,0.384,5,3,3,0.412,0,1,2,3,1
0,1,0,2,1.6,23,3,1,0.154,2,16,1,4,0
2,0,0,5,1.49,32,3,3,0.827,1,20,2,3,1
2,1,1,1,1.611,16,2,1,0.457,0,7,2,5,1
1,1,0,3,0.709,19,2,1,0.583,0,18,1,4,1
1,1,1,1,0.886,28,3,2,0.362,0,6,1,4,0
1,1,1,1,1.061,12,2,3,0.203,0,12,1,3,1
6,0,0,3,0.416,20,3,2,0.642,1,17,1,2,1
1,1,0,2,0.561,13,3,2,0.738,0,11,1,2,1
1,0,1,11,0.056,31,3,1,0.432,0,16,1,1,1
1,1,1,4,1.286,5,3,2,0.638,0,15,2,6,1
1,1,1,0,2.275,27,3,2,0.372,1,7,1,5,0
2,0,1,5,1.618,90,2,3,0.87,0,18,1,1,1
2,1,1,1,1.005,38,1,1,0.496,0,2,1,5,1
0,1,1,0,1.529,7,2,2,0.289,1,13,2,3,0
0,1,1,2,1.613,45,1,1,0.621,0,18,1,4,0
4,1,1,0,0.646,23,3,2,0.216,1,13,2,2,1
2,1,1,0,2.478,49,1,1,0.404,0,3,2,2,1
1,1,1,0,2.009,25,1,1,0.196,1,15,1,3,0
5,0,0,6,0.66,17,3,1,0.345,1,13,1,4,1
0,0,0,1,1.248,31,3,1,0.802,1,18,1,2,1
1,1,0,1,1.411,8,3,2,0.103,0,22,1,6,1
4,0,0,3,0.05,13,3,1,0.8,0,23,1,5,1
1,0,1,9,0.565,38,2,1,0.461,0,11,1,6,1
0,1,1,0,1.352,9,2,2,0.365,0,7,1,1,0
0,1,0,2,0.971,7,3,1,0.843,0,18,1,6,1
0,1,1,1,2.165,23,1,2,0.211,2,20,2,6,0
3,0,1,1,1.665,25,3,1,0.588,0,19,1,5,0
0,1,1,2,2.085,32,2,1,0.75,0,0,1,6,0
0,1,1,2,1.993,116,1,1,0.419,1,21,2,6,0
0,0,0,1,0.654,11,3,2,0.644,0,1,1,6,0
1,1,1,0,0.99,15,2,3,0.177,0,12,2,2,1
2,1,1,0,1.242,7,3,2,0.109,0,22,1,1,1
1,0,1,1,1.661,21,2,2,0.477,0,9,2,6,1
1,1,1,2,1.524,22,2,2,0.554,0,18,1,5,0
1,1,0,0,1.614,39,1,2,0.381,0,23,2,1,0
0,1,0,5,1.018,44,2,3,0.625,1,10,1,4,1
0,1,1,2,1.498,31,3,2,0.584,0,1,2,2,0
1,0,0,3,0.878,32,3,2,0.603,1,21,1,5,1
0,1,0,0,1.92,62,2,2,0.262,2,21,1,6,0
1,0,1,2,1.769,12,2,3,0.7,0,9,1,2,1
2,0,0,6,0.464,28,3,1,0.23,0,9,1,1,1
0,0,1,1,0.79,9,3,2,0.546,0,19,2,2,0
3,0,0,3,0.591,17,2,1,0.509,0,17,1,5,1
3,1,0,2,1.577,79,2,2,0.249,1,22,2,3,0
0,0,0,4,0.436,27,3,1,0.257,0,2,1,6,1
1,1,0,0,1.568,33,3,2,0.539,2,3,2,6,0
3,1,0,2,1.426,14,2,1,0.466,0,3,1,2,0
0,1,0,2,1.54,39,1,1,0.267,1,3,1,6,0
1,0,1,2,1.617,18,3,2,0.282,1,4,2,6,1
1,0,1,1,0.931,25,2,2,0.765,0,13,1,2,1
5,0,0,6,0.05,14,3,3,0.425,0,12,2,3,1
1,0,1,1,1.166,50,3,1,0.217,0,21,1,1,1
0,0,0,6,1.075,183,1,3,0.814,0,10,1,1,1
2,0,0,3,0.613,6,3,1,0.608,0,14,1,2,1
6,1,0,9,0.051,21,3,2,0.381,0,12,1,2,1
0,1,1,1,1.66,54,2,1,0.646,0,10,2,3,0
2,0,0,5,1.18,38,3,3,0.6,1,2,1,3,1
2,1,1,0,2.222,147,1,1,0.809,1,8,2,5,1
0,0,0,1,1.491,31,3,1,0.395,0,23,1,3,0
1,1,1,1,1.828,56,1,2,0.726,0,2,2,5,0
3,1,1,1,2.057,36,1,2,0.49,0,11,2,1,1
1,1,1,2,0.84,12,3,2,0.924,1,16,1,2,0
1,0,0,4,0.985,17,2,1,0.699,1,15,1,2,1
2,1,1,5,0.716,9,1,1,0.685,0,15,2,4,0
0,0,1,2,1.991,46,1,1,0.773,1,5,1,6,1
0,1,1,2,0.83,24,3,2,0.476,0,12,2,1,0
0,0,1,1,1.256,32,1,2,0.618,0,1,2,6,0
3,1,0,1,1.362,39,1,1,0.731,0,13,1,2,0
0,0,1,0,2.009,19,2,1,0.701,0,0,2,3,1
4,1,1,3,0.452,6,3,2,0.187,0,0,1,1,1
2,1,0,2,0.594,2,3,1,0.497,0,9,1,3,1
1,1,0,4,1.667,23,2,3,0.619,0,19,2,1,1
3,1,1,1,1.686,42,1,1,0.816,0,11,2,4,1
0,0,0,4,1.197,17,3,3,0.757,0,12,2,6,1
2,0,0,4,1.105,22,2,1,0.752,1,9,1,4,1
2,0,1,2,1.971,35,1,3,0.641,2,21,1,4,1
1,0,1,0,1.649,71,1,1,0.738,1,11,1,2,1
1,0,1,2,1.602,21,2,1,0.451,2,7,1,3,1
3,0,0,4,1.054,42,1,3,0.35,0,2,1,5,1
5,0,0,4,0.174,23,3,2,0.693,0,19,1,2,1
1,1,1,1,1.343,22,1,2,0.475,0,5,2,4,0
1,0,0,0,1.09,8,3,2,0.373,0,19,2,1,1
2,1,1,4,1.314,16,2,2,0.231,1,6,1,3,1
0,1,0,0,1.338,22,3,2,0.344,0,10,2,2,0
3,0,0,1,0.91,52,3,2,0.77,0,11,1,2,1
1,0,1,6,1.221,14,2,1,0.664,2,18,2,1,1
0,1,0,0,0.698,25,3,1,0.257,0,9,2,2,1
2,0,0,5,0.083,9,3,1,0.621,0,20,1,4,1
0,0,1,2,1.784,47,2,2,0.519,0,14,1,2,0
0,1,1,0,2.242,113,1,1,0.559,0,23,2,5,0
2,0,1,0,3.434,157,1,2,0.177,4,7,2,2,1
2,0,0,3,0.904,29,3,2,0.435,1,23,2,3,1
1,1,0,5,1.448,74,1,3,0.822,0,23,2,4,1
1,0,1,5,1.073,32,2,2,0.853,0,12,2,6,1
0,0,0,6,0.125,8,3,1,0.391,0,5,2,1,1
0,1,1,2,1.902,52,1,1,0.506,0,13,2,6,0
3,0,1,1,2.12,56,2,3,0.707,3,1,1,3,1
0,1,0,1,1.318,33,3,1,0.794,1,20,1,3,0
1,0,0,1,0.157,4,3,3,0.507,0,22,2,2,1
1,1,0,6,1.045,34,3,2,0.601,1,18,1,6,1
1,0,1,0,1.661,10,3,3,0.666,1,10,2,6,1
0,1,1,0,1.178,18,2,2,0.225,0,10,1,5,0
0,1,0,1,0.913,9,3,1,0.746,1,17,1,2,1
1,0,1,0,1.687,30,1,1,0.528,1,6,1,4,1
0,0,1,0,1.62,15,3,2,0.366,0,0,2,5,0
0,1,1,0,2.599,17,1,2,0.455,0,0,1,5,0
1,1,1,0,1.768,107,1,2,0.867,0,19,1,5,1
2,1,0,4,0.831,5,3,1,0.415,0,10,1,6,1
2,0,0,2,1.006,22,3,1,0.61,0,5,1,3,1
0,1,0,3,1.261,29,2,2,0.63,1,6,2,1,0
3,0,0,7,0.284,38,3,2,0.672,0,21,1,2,1
4,0,0,5,0.395,16,3,3,0.456,0,17,1,3,1
1,0,1,5,0.958,56,3,3,0.44,1,1,1,3,1
1,0,1,1,1.026,15,2,2,0.306,0,23,2,3,1
4,0,0,4,0.782,17,3,2,0.525,1,23,1,1,1
2,0,0,4,1.157,49,2,2,0.262,0,20,2,1,1
2,0,1,0,2.162,19,1,2,0.168,1,23,2,4,1
2,1,0,2,0.94,20,3,2,0.327,0,6,1,4,0
1,0,0,1,1.253,7,3,1,0.759,0,13,1,1,1
1,0,0,1,1.391,229,2,2,0.357,2,20,2,5,1
0,1,1,0,1.08,13,2,1,0.457,0,4,1,5,1
2,0,0,6,0.752,18,3,2,0.691,2,4,1,4,1
0,1,0,1,1.205,40,3,1,0.568,2,11,2,1,0
1,1,1,2,0.811,19,2,3,0.654,0,1,1,4,1
0,1,1,3,1.588,58,2,1,0.71,2,11,1,1,0
1,0,1,0,2.188,24,2,1,0.59,1,13,1,1,0
1,1,1,1,1.547,45,2,1,0.465,3,18,2,4,0
1,0,1,4,0.767,19,2,1,0.798,0,9,1,3,1
2,0,0,0,1.552,12,3,3,0.508,1,4,2,2,1
0,0,1,3,0.824,37,3,3,0.841,1,3,1,6,1
0,1,1,3,2.127,36,1,1,0.587,1,9,1,6,0
2,0,0,6,1.403,47,2,3,0.748,0,12,2,1,1
1,1,1,5,0.785,14,3,1,0.691,1,1,1,2,0
3,1,1,4,0.37,12,3,1,0.635,0,14,2,3,1
1,0,0,3,1.528,59,1,1,0.371,3,11,1,3,1
2,0,1,3,2.223,106,1,3,0.929,4,6,1,4,1
1,1,1,1,1.517,18,3,1,0.384,1,22,1,5,0
1,0,0,5,0.773,25,2,3,0.789,1,15,2,6,1
1,1,1,4,1.125,23,2,3,0.575,0,2,2,4,1
0,1,1,0,3.184,126,1,2,0.562,2,12,1,4,1
7,0,0,12,0.05,20,3,3,0.749,0,5,1,2,1
0,0,1,1,1.5,11,3,2,0.647,0,9,1,6,0
4,0,0,16,0.05,23,3,3,0.578,0,21,2,1,1
0,1,1,0,2.31,58,2,2,0.35,2,19,1,1,1
0,0,0,0,1.431,28,2,3,0.856,1,8,1,2,1
2,1,1,0,1.783,53,1,2,0.584,1,8,2,2,1
6,0,0,14,0.453,43,2,1,0.403,0,8,1,4,1
2,0,0,0,1.336,24,2,2,0.466,2,16,2,3,1
0,0,0,2,1.028,102,2,3,0.946,2,4,1,3,1
2,0,0,11,0.05,20,3,1,0.789,0,12,1,6,1
2,1,1,0,2.109,22,2,2,0.196,1,1,2,2,1
5,0,0,1,0.737,14,3,1,0.23,0,22,1,2,1
0,1,1,0,0.923,30,2,2,0.573,0,19,2,3,0
0,1,1,0,2.276,55,1,2,0.663,0,18,2,4,0
5,1,1,2,0.347,45,3,1,0.369,0,2,1,5,1
2,1,1,0,1.701,23,2,2,0.591,2,2,2,5,1
1,0,1,2,1.13,14,3,1,0.633,2,18,1,1,1
1,1,1,3,0.408,19,3,2,0.286,0,6,1,6,0
1,0,0,3,0.284,16,3,1,0.3,1,22,1,6,1
2,1,1,6,1.523,18,3,1,0.504,0,14,1,1,0
2,0,0,5,0.551,43,3,1,0.053,1,7,1,1,1
0,0,0,0,1.781,16,1,2,0.587,0,17,2,4,0
2,0,0,13,0.259,24,3,3,0.726,0,10,2,5,1
1,0,0,4,0.915,84,3,3,0.581,1,2,1,5,1
0,1,1,3,1.834,13,3,1,0.689,1,12,2,5,1
1,1,0,0,1.618,17,3,2,0.66,3,4,2,1,0
2,0,0,17,0.293,14,3,3,0.207,0,20,1,1,1
0,0,1,3,0.942,26,3,2,0.289,3,17,1,3,1
1,1,0,0,1.715,23,1,2,0.257,1,19,1,1,0
0,1,0,7,0.831,25,1,3,0.511,0,21,1,6,1
0,1,1,0,1.089,27,3,2,0.617,0,18,2,5,0
0,0,0,0,1.852,63,1,1,0.816,0,8,1,5,1
2,1,0,5,0.175,6,3,1,0.418,0,13,1,4,1
1,1,0,1,1.321,5,2,1,0.823,0,3,1,2,1
0,0,1,4,2.138,36,2,2,0.595,1,20,1,6,1
2,1,1,1,2.045,62,2,1,0.495,0,11,1,3,1
0,1,0,20,0.55,37,3,3,0.928,0,4,1,1,1
0,1,1,0,2.073,52,1,2,0.322,2,0,2,6,1
1,0,0,12,0.425,22,3,3,0.832,0,2,2,5,1
0,0,1,3,0.793,35,2,3,0.407,1,19,2,5,0
2,1,1,0,1.978,240,1,2,0.227,2,15,2,5,1
1,0,1,3,1.373,72,2,1,0.737,2,10,1,6,1
5,0,1,11,0.643,19,3,1,0.582,0,12,1,2,1
1,1,1,1,1.038,55,2,1,0.544,0,21,1,2,0
2,1,0,1,0.746,34,2,1,0.726,0,15,1,4,1
0,1,1,1,1.808,34,2,2,0.109,1,17,1,2,0
0,1,1,1,2.152,100,2,1,0.428,1,14,2,1,0
5,0,0,18,0.243,20,3,1,0.453,0,1,2,1,1
0,1,1,4,1.969,68,1,2,0.548,3,4,2,1,0
0,1,0,0,1.37,21,2,2,0.031,2,17,1,1,0
1,0,1,16,0.272,41,2,1,0.577,0,20,1,5,1
4,0,1,20,0.244,28,3,3,0.704,0,11,1,1,1
0,1,1,0,2.501,55,1,3,0.755,3,10,1,3,0
2,1,1,2,1.738,23,2,1,0.932,2,13,2,4,1
1,0,1,0,2.261,42,1,2,0.413,5,9,2,1,1
0,0,0,1,0.649,5,3,2,0.139,0,1,1,3,0
2,0,0,2,1.825,13,2,1,0.404,0,22,1,1,1
4,0,1,11,0.724,28,3,1,0.674,0,5,2,3,1
1,1,0,1,0.853,19,3,2,0.297,0,19,1,3,0
2,0,0,3,1.052,28,1,3,0.822,2,4,1,5,1
0,0,0,1,1.06,18,3,3,0.311,2,3,2,5,0
2,1,1,2,1.162,11,3,2,0.459,1,3,1,6,1
0,0,1,2,2.11,29,1,2,0.553,0,4,2,6,0
2,0,1,0,1.038,15,3,1,0.515,0,10,2,4,1
3,1,0,3,1.54,37,2,2,0.35,0,11,1,1,0
4,1,0,4,0.497,7,2,2,0.41,0,4,1,6,1
0,1,0,0,1.766,36,2,2,0.383,2,9,1,6,0
0,1,1,0,2.42,54,1,1,0.676,4,0,2,2,0
0,0,0,0,1.429,19,1,1,0.549,1,22,2,5,0
1,1,1,0,1.384,11,3,1,0.47,1,11,2,2,0
1,1,1,3,1.422,27,3,1,0.73,1,5,1,4,0
4,0,1,1,1.656,125,2,2,0.265,1,15,1,3,1
1,1,1,0,1.989,23,1,1,0.275,0,8,1,6,0
1,1,1,1,1.433,41,2,1,0.465,0,13,1,4,0
1,0,1,3,1.423,25,2,1,0.865,0,18,2,1,1
5,0,0,10,0.096,34,3,1,0.77,0,21,2,5,1
0,1,1,2,2.162,68,1,1,0.865,2,11,1,4,0
2,1,0,5,0.358,5,3,2,0.548,0,8,1,6,1
1,1,1,0,2.715,52,1,2,0.732,3,1,1,1,0
1,1,0,2,1.396,24,2,1,0.433,0,8,1,3,0
6,0,0,10,0.506,19,3,3,0.621,0,4,2,4,0
1,1,0,4,0.885,38,3,1,0.313,1,8,1,4,1
3,0,0,2,1.335,63,1,2,0.296,2,0,2,4,1
1,0,0,0,1.07,23,3,2,0.524,0,4,1,4,1
2,0,0,20,0.836,32,2,3,0.726,1,16,1,1,1
0,0,0,3,0.659,16,3,1,0.772,0,18,2,5,1
3,0,0,2,1.121,16,3,1,0.669,0,15,1,5,1
1,0,1,2,1.221,43,2,3,0.789,1,20,1,5,1
0,1,1,3,1.102,33,2,2,0.745,1,16,1,2,0
1,0,1,2,1.842,19,1,1,0.564,0,17,1,3,1
0,1,1,0,1.455,42,2,1,0.644,0,20,1,2,0
2,0,0,2,0.709,20,2,2,0.234,0,12,1,3,1
2,0,1,2,0.846,7,3,2,0.258,0,16,1,5,1
1,1,1,2,1.141,19,1,2,0.768,1,23,1,2,0
6,0,0,2,0.602,12,3,3,0.546,0,17,1,2,0
1,0,0,13,0.09,39,3,3,0.728,0,10,2,2,1
4,0,0,4,0.726,21,3,1,0.897,0,10,1,3,1
4,1,1,4,1.15,86,2,2,0.292,1,15,1,5,1
0,1,0,1,0.68,31,3,1,0.337,0,17,1,1,1
1,1,1,1,0.746,18,3,1,0.159,1,13,1,2,0
2,0,0,8,0.665,51,3,1,0.535,1,17,2,1,1
2,0,0,8,0.593,12,3,1,0.738,1,6,2,6,1
0,1,1,1,1.169,88,1,1,0.312,0,4,1,6,1
1,0,1,0,1.39,31,2,2,0.136,0,3,1,4,1
4,0,1,0,1.266,68,3,1,0.287,1,9,2,4,1
2,1,1,3,1.273,39,1,1,0.628,0,5,2,1,1
1,1,1,3,0.829,25,1,1,0.147,0,5,2,5,1
0,0,0,4,1.18,37,3,1,0.734,1,10,1,3,1
2,0,0,12,0.739,15,3,3,0.658,0,22,1,4,1
4,0,1,3,0.988,13,3,2,0.228,0,12,1,4,1
3,0,0,2,0.954,6,3,2,0.66,0,21,1,4,1
1,1,1,2,1.464,7,3,1,0.558,1,13,1,1,0
0,1,1,0,1.925,53,2,2,0.634,1,11,1,4,0
0,0,1,0,1.852,32,1,1,0.501,3,10,2,3,0
2,1,1,1,1.605,22,2,2,0.32,1,20,2,4,1
0,1,0,6,1.381,39,2,2,0.28,0,20,2,1,1
0,1,1,0,2.295,100,1,1,0.391,2,0,1,6,0
1,0,0,1,1.231,6,3,1,0.194,0,2,1,3,1
2,0,1,1,1.803,152,1,2,0.424,2,21,2,1,1
1,1,1,2,1.19,32,3,2,0.448,2,3,1,6,0
0,1,1,2,1.48,27,2,1,0.234,0,14,1,4,0
2,1,1,3,0.106,13,2,1,0.44,0,2,2,6,1
0,1,0,0,1.722,49,1,1,0.928,0,6,1,3,1
3,0,0,6,1.474,78,2,3,0.61,1,23,1,6,1
0,1,1,0,2.978,53,1,2,0.671,0,20,2,3,0
6,1,0,6,1.027,17,3,2,0.685,0,0,1,3,1
0,0,0,2,1.649,21,3,1,0.614,1,6,1,3,0
0,1,1,0,2.574,55,1,2,0.427,0,11,1,3,0
1,0,0,1,0.852,51,3,3,0.288,0,4,1,2,1
0,0,0,12,1.588,37,1,3,0.926,1,2,1,3,1
2,0,1,9,0.448,25,3,2,0.713,1,4,1,6,0
0,1,1,2,1.42,58,1,2,0.318,1,18,1,6,0
2,0,0,6,0.857,30,3,1,0.678,0,12,1,6,1
0,1,0,1,1.807,236,1,1,0.185,2,5,1,3,0
0,1,1,0,2.075,48,2,2,0.169,0,2,2,5,0
1,1,1,0,1.707,66,1,1,0.646,1,16,1,2,0
0,0,0,0,0.054,4,3,2,0.434,0,15,1,2,0
0,1,1,1,1.263,10,3,2,0.633,0,1,1,6,0
1,0,0,3,1.005,42,3,1,0.665,0,18,2,3,1
2,1,0,7,0.235,22,3,1,0.479,1,20,1,6,1
2,0,1,2,1.229,9,3,2,0.473,0,4,2,5,1
5,0,0,11,0.512,76,2,3,0.487,1,12,1,1,1
1,0,0,1,0.19,10,3,1,0.26,0,9,1,6,1
1,0,1,2,0.701,3,3,1,0.807,0,5,1,6,1
2,0,1,0,0.224,10,3,3,0.6,1,2,2,5,1
3,0,1,4,1.05,49,1,3,0.477,2,2,1,5,1
4,0,0,10,0.994,66,2,3,0.737,0,14,1,6,1
0,1,0,1,1.845,64,1,2,0.109,3,11,1,2,0
0,1,1,0,1.523,28,1,1,0.506,1,15,1,5,0
0,1,1,0,2.205,72,1,2,0.404,1,7,1,3,0
0,1,1,1,1.624,12,2,2,0.05,2,22,1,4,0
0,1,1,1,1.63,72,2,2,0.175,2,7,1,1,0
4,0,0,12,0.078,28,3,3,0.817,0,9,2,2,1
3,1,0,2,0.857,35,3,1,0.441,1,4,2,1,0
0,0,1,0,1.96,20,2,3,0.794,0,1,1,2,1
0,0,0,3,0.392,20,3,3,0.395,0,7,2,3,1
3,0,0,7,0.833,12,3,3,0.725,0,4,1,1,1
2,1,1,0,0.268,22,3,2,0.225,1,9,2,2,1
0,0,1,5,0.596,9,3,1,0.845,0,1,1,1,0
1,1,1,1,1.881,33,3,1,0.609,1,13,2,3,0
3,1,1,16,0.914,27,2,3,0.714,0,5,2,1,1
0,0,0,4,1.578,20,2,2,0.314,1,13,1,1,1
0,1,1,1,1.848,34,2,1,0.26,0,20,2,2,0
1,1,0,0,0.888,20,2,2,0.151,0,10,2,4,0
3,0,1,2,0.79,15,2,3,0.226,0,1,1,2,1
0,1,1,0,2.88,59,1,2,0.571,5,10,2,3,0
4,1,0,0,0.184,15,3,2,0.299,0,7,1,2,1
1,0,0,8,1.383,36,2,3,0.646,0,10,1,6,1
0,0,1,5,0.895,28,3,3,0.789,1,21,2,2,1
3,0,0,1,1.15,13,2,2,0.746,0,8,2,3,1
0,1,1,1,2.63,32,1,2,0.553,0,12,1,4,0
4,0,0,6,0.59,9,3,1,0.657,0,3,1,6,1
6,0,1,0,0.861,6,2,3,0.521,0,17,2,5,1
0,1,1,0,1.649,47,2,2,0.589,3,12,1,5,0
0,1,0,2,1.2,79,1,2,0.349,1,19,2,2,0
0,0,1,1,1.588,100,1,2,0.308,3,22,1,3,0
1,0,1,1,1.796,5,1,2,0.708,0,3,1,5,1
2,1,1,0,1.315,123,1,3,0.621,2,21,2,3,1
2,1,1,1,1.519,51,1,2,0.434,1,7,1,4,1
3,0,0,3,1.648,46,2,3,0.502,0,2,1,4,1
0,1,1,2,2.183,102,1,2,0.815,3,18,1,1,0
2,1,1,0,1.022,95,2,2,0.289,0,15,1,4,1
0,1,1,0,2.152,12,1,2,0.169,0,12,1,2,0
2,0,1,2,0.998,42,3,1,0.459,0,8,1,4,1
0,1,1,2,0.958,16,3,2,0.699,1,2,2,4,1
0,1,0,1,1.684,58,2,3,0.367,1,15,1,4,0
2,1,0,5,0.819,24,3,3,0.701,0,1,1,6,1
1,0,1,0,1.146,34,3,2,0.296,0,11,2,3,1
2,0,1,11,0.573,45,3,1,0.839,0,18,1,1,1
2,1,0,0,1.804,41,1,2,0.387,0,20,1,4,0
2,1,0,4,1.453,29,1,2,0.117,0,4,1,6,1
0,0,1,0,1.703,46,1,1,0.325,0,0,1,4,0
2,1,1,5,1.082,27,2,2,0.315,1,16,1,1,1
2,1,0,3,0.485,10,3,2,0.266,0,12,1,4,1
2,1,0,9,0.618,78,1,3,0.711,1,23,1,4,1
2,1,1,4,1.452,10,2,1,0.71,0,5,1,1,1
2,1,1,1,1.11,30,3,2,0.452,1,7,1,1,1
1,1,0,1,0.716,8,3,2,0.592,1,15,2,4,1
0,1,1,1,0.903,15,2,2,0.178,1,20,1,1,0
0,0,1,4,1.743,18,3,2,0.732,1,7,1,1,1
4,0,0,5,0.057,23,2,1,0.35,0,11,1,2,1
1,0,0,2,1.675,20,2,1,0.595,0,4,1,5,1
1,0,0,2,0.554,42,3,3,0.659,1,5,1,6,1
3,1,0,6,0.47,30,2,3,0.65,1,4,1,3,1
2,0,0,1,0.517,4,3,2,0.164,0,18,1,4,1
0,1,1,0,1.555,111,1,2,0.429,0,9,1,5,0
2,0,0,17,0.332,2,3,3,0.884,0,10,1,1,1
5,0,0,16,0.151,35,3,1,0.792,2,8,1,5,1
0,0,1,0,1.844,45,2,2,0.25,1,7,1,3,0
1,0,1,1,1.525,120,1,2,0.062,0,11,2,6,1
1,1,1,1,2.052,47,2,1,0.338,0,14,2,6,0
1,0,1,1,0.875,8,3,2,0.717,0,16,2,1,1
0,1,1,0,2.496,70,1,2,0.119,1,9,1,2,0
0,1,1,0,1.499,23,2,1,0.271,0,8,2,2,0
2,0,0,0,1.616,60,2,2,0.436,0,6,1,3,1
4,1,0,7,0.481,11,3,2,0.334,1,14,1,4,1
3,1,1,2,0.604,6,3,3,0.342,0,22,2,2,1
2,0,1,3,0.275,9,2,1,0.556,0,10,1,1,1
0,0,1,0,1.574,45,1,2,0.306,0,12,1,2,0
2,0,0,4,1.27,22,2,3,0.338,0,23,2,2,1
1,1,1,1,1.594,19,2,2,0.39,0,22,1,6,0
3,1,1,1,1.467,65,3,2,0.454,1,12,2,6,1
0,0,1,2,2.256,107,1,2,0.816,1,16,1,4,1
0,1,1,0,1.647,20,3,2,0.263,1,12,2,3,0
0,1,1,0,2.192,32,1,2,0.409,1,9,1,1,0
1,1,1,2,0.743,8,3,2,0.576,0,13,2,4,0
1,1,1,0,0.866,8,2,2,0.45,0,6,2,4,0
0,1,1,1,2.44,128,2,2,0.274,0,1,1,2,0
0,1,0,8,0.583,24,3,1,0.853,0,15,2,4,1
1,1,1,0,1.972,50,1,2,0.854,0,9,2,6,0
5,0,0,20,0.069,13,3,3,0.555,0,7,2,3,1
2,0,0,1,0.967,18,1,2,0.557,0,1,1,4,1
1,0,1,2,1.627,58,1,1,0.764,0,16,1,5,1
4,0,1,0,1.007,9,3,2,0.24,0,13,1,5,1
1,1,1,2,0.623,12,3,2,0.274,0,13,2,2,0
2,1,0,4,0.193,44,3,3,0.531,0,16,1,1,1
1,1,0,0,0.792,15,3,2,0.035,0,10,1,2,1
4,0,0,10,1.337,31,3,2,0.73,1,7,1,6,1
2,1,0,2,1.055,14,3,3,0.856,0,7,2,5,0
5,1,0,7,0.628,55,2,2,0.596,1,23,1,3,1
1,1,1,0,2.282,43,2,1,0.696,1,4,1,5,0
2,1,1,2,1.861,51,3,1,0.767,0,9,2,1,1
2,1,1,3,0.503,13,3,2,0.168,0,15,1,2,1
2,1,0,4,1.127,15,3,2,0.253,0,9,2,6,1
0,0,1,2,2.136,58,1,2,0.231,2,13,2,6,0
3,0,1,5,0.902,38,3,3,0.573,2,11,1,5,1
5,0,0,9,0.056,5,3,1,0.312,0,13,2,3,1
2,1,0,2,0.827,8,3,2,0.306,0,10,2,1,1
0,1,1,0,1.724,19,3,2,0.126,0,18,2,1,0
1,0,1,2,0.608,13,3,2,0.748,0,21,1,6,1
0,0,1,0,1.608,45,2,3,0.67,0,6,1,3,0
1,1,1,0,2.268,84,1,2,0.257,3,9,2,3,0
1,1,1,0,2.595,80,1,2,0.444,3,13,2,4,0
0,1,1,2,1.27,13,2,1,0.666,0,7,2,1,0
4,1,1,6,0.679,46,2,2,0.429,0,20,1,5,1
1,0,0,6,0.213,23,3,3,0.457,0,10,2,5,1
1,1,1,5,0.478,26,3,1,0.718,0,3,1,3,1
2,1,0,0,1.273,67,2,1,0.611,0,7,2,4,0
2,0,1,3,1.122,32,2,1,0.536,1,17,2,5,1
0,1,1,1,1.436,16,3,1,0.19,1,15,1,1,0
0,1,1,1,1.665,11,3,1,0.661,2,15,1,2,0
1,1,1,0,1.679,73,2,2,0.612,1,18,1,3,0
4,1,1,2,1.598,46,3,2,0.767,0,22,1,6,1
0,1,1,2,1.725,62,1,1,0.73,1,21,1,1,0
2,1,1,4,0.937,23,2,2,0.709,0,19,1,4,1
0,0,0,8,1.562,53,2,2,0.193,1,18,1,1,1
1,0,0,13,1.478,118,2,3,0.796,1,3,1,3,1
0,1,1,1,2.091,66,1,1,0.729,1,12,1,3,0
0,0,0,3,1.082,24,2,3,0.493,1,7,1,5,1
1,0,0,7,0.767,13,2,1,0.798,0,12,1,5,1
2,1,1,4,1.999,42,1,1,0.366,1,20,1,3,1
1,1,1,4,1.25,29,2,1,0.833,1,13,1,4,0
1,0,0,3,0.934,13,3,1,0.388,0,19,1,2,1
8,0,0,1,0.286,17,3,2,0.298,0,2,1,5,1
2,0,1,3,1.384,58,2,1,0.86,1,3,1,4,1
6,0,0,17,0.07,7,2,1,0.69,0,17,2,1,1
1,1,0,5,0.594,21,3,2,0.358,0,16,2,3,1
5,0,0,20,0.651,17,3,1,0.6,0,17,1,1,1
3,1,1,1,1.106,27,2,2,0.124,0,15,2,4,1
2,0,0,14,0.823,45,3,3,0.805,0,11,1,4,1
0,1,0,2,0.921,13,3,2,0.33,1,5,2,1,0
1,1,1,1,1.613,26,1,1,0.772,2,22,2,1,0
2,1,1,0,1.699,17,2,2,0.182,1,11,2,1,1
2,1,1,3,1.567,41,2,1,0.44,1,14,1,3,1
0,1,1,1,1.855,26,2,1,0.554,2,9,1,5,0
0,0,0,3,1.468,51,2,1,0.735,0,19,1,3,1
3,1,0,0,1.922,46,1,2,0.212,0,17,1,4,0
0,0,1,3,1.404,72,2,2,0.252,0,21,1,1,1
2,1,1,1,0.743,9,3,2,0.363,0,21,2,6,1
2,1,0,1,1.148,71,3,1,0.355,0,4,1,5,0
1,0,1,0,1.16,20,3,3,0.696,0,19,1,3,1
0,1,1,2,0.758,29,3,2,0.19,0,16,1,5,0
1,1,0,2,1.405,32,2,3,0.75,0,5,1,2,0
1,0,1,1,1.346,17,2,1,0.638,0,5,2,6,1
0,1,1,0,0.436,9,3,2,0.068,0,16,1,2,0
2,1,1,0,1.2,44,2,2,0.254,2,19,2,2,1
0,1,0,0,2.042,114,1,2,0.188,2,16,2,2,0
0,1,1,0,1.958,51,1,1,0.511,0,7,2,5,0
0,0,1,0,0.403,12,3,2,0.21,0,8,1,3,0
2,1,0,0,0.673,32,3,2,0.406,0,4,1,5,1
1,1,0,8,1.288,70,2,2,0.481,1,1,1,1,1
0,1,1,1,1.28,75,2,2,0.383,0,23,1,3,0
3,0,0,1,1.853,36,1,1,0.428,0,4,1,2,1
2,1,0,0,0.499,8,3,1,0.043,0,8,2,2,1
7,0,1,12,0.069,13,3,3,0.883,0,23,2,3,1
1,0,1,0,0.737,20,3,2,0.381,1,15,1,2,1
1,1,0,4,1.007,25,3,1,0.609,0,3,2,4,1
3,1,0,11,0.055,21,3,1,0.225,0,15,2,3,1
2,1,0,0,0.913,23,3,1,0.453,0,0,1,2,0
4,1,1,2,0.733,8,2,1,0.384,0,23,1,5,1
0,1,1,0,1.71,84,2,1,0.199,0,19,2,5,0
1,0,1,15,1.056,99,3,3,0.665,1,23,2,1,1
2,1,0,7,0.405,27,2,3,0.49,0,15,2,5,1
2,1,1,3,1.235,31,2,1,0.501,1,7,2,5,1
1,0,1,9,0.337,59,2,1,0.447,0,19,1,1,1
1,0,1,2,0.608,31,2,1,0.193,1,4,2,3,1
2,1,1,3,0.549,15,3,2,0.626,0,2,2,3,1
1,1,1,1,2.39,53,1,1,0.402,1,7,1,4,0
0,0,0,3,0.933,55,3,1,0.656,0,17,1,2,1
1,0,0,1,1.485,59,3,3,0.539,0,2,1,2,1
1,1,0,0,2.295,26,3,2,0.092,0,22,1,3,1
1,0,1,3,0.52,9,2,2,0.446,0,11,1,3,1
1,0,0,1,0.571,13,3,1,0.654,0,22,1,2,1
2,1,0,0,1.272,13,3,2,0.451,1,5,2,4,1
0,1,1,2,1.131,59,1,2,0.372,0,15,2,2,0
0,0,1,1,1.651,29,1,2,0.705,1,7,2,4,1
0,1,1,1,1.475,42,2,2,0.305,0,4,2,1,0
1,0,1,0,1.469,84,2,2,0.484,3,2,1,2,1
0,1,1,0,1.736,94,2,2,0.182,2,0,2,5,0
3,1,0,6,0.078,20,3,1,0.417,0,8,1,4,1
5,0,0,2,0.539,35,2,2,0.33,0,3,2,5,0
0,1,1,1,1.024,62,1,2,0.213,2,2,1,4,0
1,1,1,1,0.87,12,3,2,0.31,0,8,2,1,0
0,1,1,2,0.846,9,3,1,0.744,0,4,1,5,0
1,0,0,2,1.106,28,2,2,0.267,1,2,1,4,1
8,0,0,20,0.062,14,3,3,0.856,0,23,1,1,1
1,1,0,0,1.91,23,2,2,0.369,1,1,1,6,0
3,0,1,0,0.302,10,3,2,0.179,0,22,2,5,1
2,0,1,2,0.537,5,3,2,0.722,0,16,1,4,1
1,0,0,1,0.675,8,3,3,0.634,0,6,1,2,1
0,1,1,1,1.672,50,1,1,0.409,0,21,1,2,0
1,0,1,5,0.205,10,3,1,0.129,1,2,2,1,1
1,0,0,2,0.555,17,2,1,0.66,0,18,1,5,1
1,0,1,5,0.748,7,2,2,0.396,0,3,1,4,1
0,1,1,3,1.59,11,3,2,0.444,0,20,2,5,0
3,0,1,1,1.381,20,1,2,0.464,1,6,2,1,1
0,0,0,0,2.068,93,2,1,0.703,4,7,2,2,1
1,0,0,0,0.715,15,3,2,0.395,0,19,1,2,1
1,1,1,0,2.497,95,1,2,0.117,2,9,1,3,0
0,1,0,1,1.588,19,2,2,0.374,1,2,2,6,0
0,0,0,0,1.438,32,2,2,0.148,0,13,1,5,0
3,1,1,6,1.341,47,2,2,0.184,2,17,1,6,1
0,1,1,0,1.521,24,3,2,0.22,0,1,2,5,0
1,1,1,0,1.105,30,2,2,0.558,0,19,2,3,0
3,1,1,0,1.117,17,2,1,0.443,0,7,1,5,0
0,1,1,0,2.998,31,1,2,0.623,2,4,1,2,0
2,1,0,4,1.099,49,3,2,0.52,1,19,1,1,1
1,1,1,9,0.535,23,3,2,0.641,2,21,1,6,0
0,1,1,0,1.782,39,2,1,0.575,0,3,2,1,0
2,1,1,3,1.389,19,3,1,0.6,0,13,2,2,1
0,1,0,0,1.566,23,1,1,0.793,1,19,1,5,0
1,0,0,11,0.92,20,2,1,0.825,1,9,1,1,1
0,0,0,1,1.485,35,2,2,0.152,0,0,1,5,0
1,1,1,1,0.992,24,2,1,0.779,1,0,1,3,0
0,1,1,0,1.831,31,1,2,0.258,1,16,1,2,0
1,0,0,7,0.778,16,3,1,0.149,3,1,1,1,1
0,1,1,1,1.791,105,1,1,0.746,2,14,2,1,0
5,0,0,20,0.078,5,3,3,0.786,0,22,1,1,1
2,1,1,1,2.406,56,1,1,0.282,1,15,2,6,1
2,0,0,5,1.277,121,1,3,0.631,1,20,1,6,1
0,0,1,2,1.21,55,1,3,0.429,1,19,2,1,0
0,1,1,2,1.737,11,2,1,0.554,0,15,1,2,0
2,0,0,3,0.834,11,3,1,0.839,0,15,1,2,1
0,1,1,0,1.651,39,3,2,0.235,1,1,2,3,0
0,1,0,0,0.823,28,3,2,0.604,0,20,1,5,0
0,1,1,0,2.44,22,1,2,0.382,0,8,2,1,0
2,0,1,0,0.868,25,3,2,0.281,1,1,1,1,1
2,0,0,1,1.031,77,2,1,0.673,0,9,1,3,1
0,0,0,1,1.966,77,2,2,0.293,1,2,2,2,0
3,0,1,2,1.011,18,2,1,0.511,1,1,1,3,1
2,1,0,4,0.891,7,2,2,0.331,0,12,1,5,1
1,0,1,2,1.439,111,2,3,0.734,2,10,1,6,1
4,0,0,3,0.989,5,3,1,0.779,0,5,1,3,1
0,1,1,1,1.276,48,1,2,0.516,1,0,1,2,0
1,1,1,0,2.186,42,1,1,0.936,2,17,2,4,0
1,0,0,2,0.859,34,3,1,0.372,1,5,1,5,1
3,1,1,5,0.871,25,1,1,0.673,1,16,1,3,1
1,1,1,0,1.574,80,2,2,0.259,1,6,1,1,0
4,0,0,16,0.561,23,3,3,0.854,0,23,2,1,1
6,1,1,15,0.984,43,3,1,0.457,0,9,1,4,1
3,0,0,15,0.05,6,3,2,0.557,0,8,1,3,1
0,1,1,1,1.623,31,2,2,0.698,2,18,1,3,0
0,1,1,0,1.534,61,2,1,0.6,0,13,1,5,0
0,0,1,0,2.242,65,1,1,0.853,2,18,2,5,1
1,0,0,2,1.099,32,2,2,0.406,0,23,1,3,1
1,1,0,1,1.18,13,1,1,0.449,1,13,1,1,1
0,1,1,0,1.819,95,2,2,0.484,0,7,1,5,0
0,1,1,2,2.335,26,1,1,0.206,0,7,1,4,0
1,0,1,2,1.074,28,3,2,0.293,0,7,2,5,1
0,0,1,0,1.499,101,2,2,0.374,0,12,1,6,0
1,1,1,0,1.764,57,1,2,0.23,0,19,2,2,0
1,1,1,0,1.612,18,2,1,0.287,0,16,1,3,0
1,1,0,4,0.265,20,3,1,0.379,0,15,2,4,1
4,0,0,3,1.445,64,1,2,0.321,1,8,1,1,0
0,1,1,1,1.87,25,3,1,0.615,0,15,1,6,0
2,1,0,5,0.773,7,3,1,0.584,1,16,1,1,1
3,0,0,7,0.05,12,3,1,0.441,0,14,1,2,1
1,1,1,1,1.604,34,1,1,0.731,2,13,1,6,0
1,0,1,3,0.411,8,3,1,0.559,2,21,1,4,1
0,0,1,1,2.041,44,1,2,0.422,1,17,2,1,0
1,1,0,3,1.347,16,3,2,0.635,0,1,1,2,0
1,0,0,10,0.784,25,2,1,0.852,0,15,2,1,1
1,0,0,10,0.204,22,3,1,0.361,0,13,1,1,1
1,1,1,1,1.321,76,2,2,0.26,1,10,1,3,0
1,1,0,0,1.132,17,3,1,0.696,0,19,2,2,0
0,1,1,1,1.903,25,1,2,0.337,0,21,2,1,0
1,1,1,1,1.131,26,3,2,0.287,1,0,1,3,0
1,0,1,1,1.765,34,2,1,0.308,1,5,2,6,1
1,1,1,1,1.497,96,2,1,0.542,3,17,1,3,0
4,1,1,2,1.49,101,1,3,0.652,2,10,1,5,1
0,0,0,1,1.064,35,1,3,0.655,0,20,2,3,0
3,0,0,0,0.623,8,2,2,0.471,0,12,1,3,1
1,1,1,2,1.049,36,3,2,0.265,1,15,1,1,0
1,1,1,0,1.611,20,2,1,0.698,0,17,1,2,0
0,1,1,0,2.089,44,1,2,0.241,4,15,2,4,0
2,0,1,4,0.638,21,3,3,0.75,0,11,2,6,1
0,0,1,2,0.678,9,3,1,0.538,1,14,2,1,0
0,1,1,1,0.624,9,3,2,0.377,0,5,1,2,1
1,1,1,3,1.575,13,1,1,0.447,2,8,2,6,0
0,0,1,3,1.035,20,3,1,0.832,0,12,1,6,1
1,1,1,1,0.809,25,2,1,0.375,0,17,1,2,0
3,0,0,19,1.189,21,2,1,0.676,3,23,1,1,1
2,0,1,4,0.507,14,3,2,0.354,0,5,1,2,1
0,1,1,2,1.619,45,1,1,0.613,2,9,2,6,0
4,1,1,0,1.196,48,3,2,0.603,0,20,2,5,1
2,0,0,2,1.444,40,2,1,0.178,0,4,2,1,1
1,1,0,4,0.911,30,3,2,0.619,0,20,1,6,1
1,1,1,0,0.992,33,2,1,0.513,1,6,1,5,0
0,0,1,2,1.424,39,2,1,0.63,2,12,1,6,0
1,0,0,0,1.022,61,3,1,0.693,0,7,1,2,1
3,0,0,4,0.262,16,3,1,0.521,0,22,1,4,1
0,0,1,2,1.162,52,3,2,0.787,0,7,1,3,1
1,1,0,4,0.91,3,3,2,0.811,0,15,1,4,1
0,1,1,2,1.368,40,2,1,0.461,0,5,2,1,0
2,0,1,5,0.82,16,3,2,0.747,1,15,1,3,1
2,0,0,4,0.397,7,3,2,0.49,0,22,2,1,1
1,0,0,6,0.504,36,3,2,0.534,1,6,1,1,1
3,1,1,0,1.599,33,2,2,0.426,1,9,2,2,1
1,1,1,1,1.38,28,3,2,0.332,0,17,2,4,0
3,0,1,3,1.314,18,2,2,0.645,0,15,1,1,1
1,0,1,2,1.761,23,2,1,0.355,1,1,2,1,1
0,1,1,2,1.813,96,1,2,0.215,2,21,2,1,0
1,0,0,0,1.408,20,2,2,0.501,3,13,1,5,1
1,1,1,0,0.691,45,3,1,0.652,0,15,2,6,0
1,1,0,2,1.552,35,1,2,0.17,0,4,2,1,0
0,1,1,3,1.52,24,2,1,0.587,1,22,1,1,0
1,1,1,2,0.964,10,3,2,0.622,0,23,2,2,1
4,0,0,13,0.136,11,3,2,0.478,0,13,1,3,1
1,1,0,1,0.761,13,3,2,0.654,0,8,1,2,1
1,0,1,1,0.743,7,3,2,0.355,0,21,1,6,1
1,1,1,4,0.933,77,3,1,0.492,3,8,1,4,0
1,0,1,0,2.26,9,2,2,0.499,0,5,2,4,1
2,0,1,1,1.929,165,1,1,0.691,2,21,1,2,1
3,1,0,3,1.094,41,3,1,0.605,1,22,1,3,0
0,0,1,0,0.768,12,2,1,0.751,0,10,2,5,1
4,1,1,3,1.017,14,2,1,0.408,0,21,1,2,1
1,1,1,0,2.656,16,2,2,0.434,1,8,1,2,0
2,0,0,7,1.207,20,2,2,0.539,0,19,1,1,1
1,1,1,2,2.078,95,1,1,0.382,2,4,1,1,0
1,0,0,1,0.914,43,1,1,0.372,0,14,1,3,1
1,1,0,1,1.044,26,2,2,0.163,3,16,1,3,0
0,0,0,7,0.076,6,3,1,0.598,0,1,2,5,1
3,1,1,2,0.474,18,3,1,0.692,0,1,2,2,1
2,1,1,2,1.155,40,2,1,0.544,0,6,2,3,0
2,0,0,2,1.047,34,2,2,0.382,0,15,1,4,1
2,0,0,5,0.34,15,3,1,0.476,0,3,1,2,1
2,0,1,5,1.261,63,2,2,0.402,0,12,1,6,1
2,1,1,1,1.331,10,3,2,0.518,0,11,1,5,1
0,1,1,0,1.788,8,1,2,0.147,0,8,1,5,0
1,0,1,1,1.29,51,2,2,0.53,1,3,1,4,1
1,0,1,0,1.356,18,3,3,0.535,0,5,1,2,1
0,1,0,3,0.924,88,2,2,0.116,0,8,1,1,0
0,0,0,4,1.16,63,2,1,0.258,1,7,2,4,1
3,1,1,7,0.702,17,3,1,0.575,1,20,1,1,1
0,1,1,0,1.553,22,2,2,0.194,1,18,1,4,0
1,0,1,3,0.577,11,3,3,0.491,0,23,1,2,1
1,1,1,1,1.764,10,3,2,0.32,0,7,2,6,0
0,0,1,2,1.403,21,2,2,0.417,1,5,1,3,0
2,0,1,5,0.05,13,2,3,0.58,2,19,1,3,1
1,0,0,1,0.755,27,2,1,0.705,3,7,1,2,1
0,1,1,0,2.418,175,1,1,0.157,1,12,1,5,0
0,1,1,1,1.484,15,2,2,0.313,0,6,2,4,0
0,1,0,2,1.517,9,3,3,0.677,1,7,1,5,1
3,1,1,1,1.014,23,3,3,0.315,0,2,2,3,1
0,1,1,0,2.719,32,1,2,0.822,1,1,1,6,0
0,1,1,2,1.183,13,2,2,0.307,1,16,1,1,0
1,1,0,2,0.542,20,3,2,0.481,1,1,1,2,1
0,1,1,0,1.675,10,3,2,0.215,0,3,2,6,0
5,0,0,20,0.058,37,3,3,0.803,0,16,2,3,1
1,1,1,3,1.112,45,2,2,0.274,0,3,1,1,1
1,0,0,1,1.504,25,1,2,0.331,0,15,1,6,1
6,0,0,7,1.488,60,1,1,0.711,1,20,1,1,1
2,1,0,2,0.861,11,3,1,0.757,1,13,1,6,1
2,1,0,4,1.419,142,2,2,0.404,1,7,1,6,1
0,0,1,1,1.564,11,2,2,0.3,0,16,2,3,0
1,1,1,1,1.32,8,2,2,0.327,1,21,2,2,0
2,1,1,6,0.971,74,1,2,0.364,1,23,1,6,1
1,1,0,5,1.094,9,3,3,0.811,0,12,1,5,1
8,0,0,15,0.152,10,3,1,0.513,0,12,1,4,1
0,1,1,3,1.044,7,3,1,0.817,0,15,1,4,1
1,0,1,0,0.903,26,3,2,0.671,0,1,2,3,1
0,1,0,5,1.024,29,3,1,0.471,0,2,1,5,1
5,0,0,5,0.637,57,3,1,0.47,1,22,1,4,1
7,0,0,12,0.686,8,3,1,0.417,0,1,1,1,1
2,1,0,0,0.838,14,3,2,0.318,0,15,1,4,0
0,1,1,0,1.735,40,2,1,0.427,1,6,2,6,0
0,1,1,0,2.244,83,3,2,0.217,1,18,1,5,0
0,0,1,1,1.855,52,2,3,0.893,1,14,1,4,1
1,0,0,3,0.9,28,1,3,0.758,0,17,2,5,1
0,1,0,0,1.904,21,1,2,0.601,0,3,1,6,0
3,1,0,8,0.624,20,3,1,0.391,0,11,1,4,1
4,0,0,20,0.067,10,3,1,0.859,0,16,2,6,1
6,1,0,17,0.053,26,3,2,0.422,0,12,1,1,1
0,1,1,0,1.7,20,3,2,0.29,0,12,1,3,0
0,0,0,2,1.51,97,1,2,0.527,0,9,2,5,0
0,1,1,4,1.044,7,3,2,0.628,0,3,2,1,1
1,0,0,6,0.1,11,3,1,0.743,0,2,1,2,1
2,0,0,7,0.562,23,2,1,0.853,0,13,2,4,1
0,0,0,5,0.367,8,3,3,0.644,0,3,1,5,1
2,1,0,3,1.146,25,1,1,0.543,0,19,1,6,0
2,1,1,7,1.113,28,2,1,0.088,1,0,2,1,1
1,0,1,2,0.644,54,2,3,0.666,1,8,1,2,1
3,0,0,5,0.569,41,2,3,0.588,0,19,2,4,1
1,0,1,3,2.286,153,1,3,0.93,2,2,2,4,1
5,0,0,4,0.909,48,2,1,0.368,0,2,1,1,1
0,0,0,1,1.149,62,2,1,0.799,1,3,1,5,1
2,0,1,4,1.338,27,2,1,0.717,0,7,2,1,1
1,0,0,0,0.898,19,3,2,0.649,0,19,2,2,1
1,1,0,4,1.189,38,1,3,0.848,0,8,2,2,1
0,1,0,1,0.786,9,3,1,0.559,0,3,1,3,1
2,1,0,2,0.864,11,3,3,0.213,1,16,1,1,1
2,0,1,4,0.218,35,3,3,0.373,0,10,1,5,1
3,0,0,2,0.832,7,3,2,0.194,0,23,1,3,1
1,0,0,1,1.285,16,2,1,0.434,0,5,1,3,1
2,0,0,2,0.598,8,3,2,0.44,0,13,1,3,1
4,1,1,3,0.82,6,3,2,0.25,0,10,1,6,1
3,0,0,7,0.395,32,3,2,0.412,0,1,2,4,1
4,1,0,0,0.126,5,3,2,0.203,0,10,1,5,1
2,1,1,0,1.603,174,1,1,0.702,1,16,1,3,1
0,1,1,4,1.809,54,3,2,0.567,3,20,2,1,0
0,1,1,0,1.514,53,2,2,0.173,0,13,1,2,0
3,0,0,1,1.007,32,2,3,0.46,0,4,1,2,1
3,0,0,0,0.371,6,3,3,0.82,0,0,1,2,1
1,1,1,3,1.298,57,3,1,0.872,0,18,2,1,0
0,1,0,3,1.286,98,2,2,0.762,0,2,1,6,0
1,0,1,1,1.641,30,1,1,0.503,1,20,1,5,0
4,1,0,6,0.429,86,3,1,0.23,1,0,1,4,1
0,0,1,2,1.702,44,2,2,0.821,1,17,1,3,1
0,1,1,5,0.479,11,3,1,0.383,0,9,1,1,0
1,0,0,1,0.972,28,3,1,0.547,0,1,2,2,1
0,0,0,2,1.657,21,3,1,0.698,0,15,2,2,0
2,0,0,11,0.528,24,3,1,0.72,0,14,2,3,1
1,1,1,2,1.84,50,1,2,0.428,1,3,1,5,0
1,0,1,2,1.168,53,1,1,0.249,1,9,1,2,1
2,0,0,5,0.529,13,3,3,0.494,0,22,2,1,1
1,0,1,5,0.846,9,3,2,0.425,0,10,2,1,1
0,1,0,0,1.183,14,2,2,0.347,0,12,2,5,0
3,0,1,0,1.945,106,2,1,0.837,2,20,1,5,0
0,1,1,0,1.499,31,2,2,0.308,0,20,2,4,0
0,1,0,0,1.89,44,1,2,0.38,1,21,1,2,0
5,0,0,3,0.755,6,3,2,0.6,0,0,2,3,1
0,0,1,1,0.738,1,3,2,0.5,0,20,2,4,0
1,1,1,0,1.149,16,3,2,0.34,0,14,1,5,1
1,1,0,1,0.772,7,3,2,0.614,0,21,1,2,0
0,1,1,1,1.373,21,1,2,0.489,1,4,1,2,0
5,0,0,3,0.094,35,3,2,0.317,0,2,1,5,1
2,0,0,2,0.624,24,2,2,0.3,1,1,2,5,1
4,1,1,3,1.122,22,2,1,0.111,0,14,2,1,1
0,1,1,4,1.214,24,2,3,0.787,1,4,1,6,0
1,1,1,2,1.746,56,1,2,0.228,3,1,1,1,0
1,1,1,2,1.837,31,2,1,0.529,1,3,1,4,0
1,1,0,0,1.264,40,1,2,0.157,1,9,2,6,0
2,0,0,11,0.659,56,2,1,0.874,0,19,1,3,1
0,1,1,0,2.091,45,1,2,0.687,0,10,2,5,0
2,0,0,7,0.05,13,3,1,0.555,1,16,1,1,1
1,0,0,9,1.286,40,3,2,0.778,1,11,2,1,1
2,1,0,0,0.696,9,3,1,0.421,0,18,1,5,1
0,1,1,1,2.065,85,2,2,0.159,1,17,1,6,0
1,0,0,12,0.904,42,1,1,0.877,0,1,1,3,1
1,1,1,2,0.802,47,3,1,0.256,0,7,1,1,0
0,0,1,3,0.068,6,3,2,0.437,1,5,2,3,1
2,0,0,8,0.495,3,3,3,0.711,0,4,1,3,1
2,1,1,2,1.793,14,1,2,0.343,0,5,2,3,1
5,0,0,12,0.806,31,3,3,0.758,0,22,1,5,1
0,0,1,1,1.737,23,1,2,0.407,0,14,1,6,0
0,1,1,0,2.876,69,1,2,0.107,3,4,2,5,0
0,1,1,1,2.005,122,2,1,0.306,1,4,2,5,0
2,0,0,5,1.14,29,1,2,0.24,0,19,1,4,1
1,1,1,1,0.578,14,3,2,0.691,0,15,2,6,0
3,0,1,5,1.365,107,3,2,0.575,0,6,2,6,1
3,0,1,4,1.147,306,1,3,0.617,3,0,1,5,1
1,1,1,0,1.449,28,2,2,0.29,1,21,1,5,0
0,1,0,3,1.821,101,1,1,0.887,1,17,1,2,0
1,1,1,1,0.82,7,3,2,0.225,0,14,1,5,0
1,0,0,0,1.505,10,3,3,0.643,0,22,1,1,1
0,0,0,1,1.057,19,2,2,0.414,2,22,1,3,1
2,1,0,0,1.997,10,3,2,0.646,1,0,1,1,1
2,0,0,8,0.451,22,2,1,0.534,0,4,1,5,1
0,1,0,4,1.361,21,2,2,0.328,2,9,1,1,1
0,1,0,0,2.782,44,1,2,0.209,2,23,1,4,0
0,1,1,0,2.489,26,1,2,0.509,2,8,2,1,0
0,1,0,3,1.308,25,1,1,0.876,2,2,2,3,0
2,0,1,4,1.497,96,1,1,0.543,1,5,1,4,1
1,0,1,0,1.711,40,1,2,0.367,0,10,1,4,1
2,1,0,2,0.885,57,1,1,0.36,0,13,1,4,0
0,0,0,6,1.55,46,1,3,0.948,0,5,2,5,1
4,0,0,9,0.077,15,3,3,0.94,0,20,2,2,1
0,1,1,1,1.642,11,2,2,0.852,1,17,1,6,0
3,0,0,3,0.289,14,3,1,0.34,1,4,2,5,1
1,0,1,2,1.1,16,2,2,0.615,1,18,2,3,1
0,1,1,1,1.488,31,2,2,0.494,0,8,2,5,0
2,0,0,4,1.827,20,1,2,0.734,1,16,1,1,1
1,0,1,1,1.378,43,2,1,0.774,0,20,1,2,1
0,1,1,0,1.738,41,2,1,0.078,1,19,2,3,0
0,0,0,0,1.188,18,2,2,0.624,0,8,1,1,0
2,1,0,2,1.018,38,1,3,0.284,0,15,1,4,0
